,id_characteristic,step,q_mvar,p_mw
0,0,1,176.3999987,0.223000955
1,0,2,171.0046573,0.223000955
2,0,3,165.6093266,0.223000955
3,0,4,160.2139746,0.223000955
4,0,5,155.4759927,0.223000955
5,1,1,179.999968,0.034992
6,1,2,174.083296,0.034992
7,1,3,168.166624,0.034992
8,1,4,162.249952,0.034992
9,1,5,156.333296,0.034992
